id,username,password,email
1,User1,pass1,user1@yellowb.com
2,User2,pass2,user2@yellowb.com
3,User3,pass3,user3@yellowb.com
4,User4,pass4,user4@yellowb.com
5,User5,pass5,user5@yellowb.com
6,User6,pass6,user6@yellowb.com
7,User7,pass7,user7@yellowb.com
8,User8,pass8,user8@yellowb.com
9,User9,pass9,user9@yellowb.com
10,User10,pass10,user10@yellowb.com
11,User11,pass11,user11@yellowb.com
12,User12,pass12,user12@yellowb.com
13,User13,pass13,user13@yellowb.com
14,User14,pass14,user14@yellowb.com
15,User15,pass15,user15@yellowb.com
